,ip
0,49.34.132.150
1,223.231.178.194
2,59.96.14.196
3,157.37.49.51
4,27.248.172.144
5,27.250.130.189
6,59.99.224.187
7,49.248.191.93
8,27.248.97.18
9,47.29.197.124
10,59.98.61.147
11,157.35.39.46
12,157.32.138.126
13,49.44.125.133
14,49.248.166.46
15,49.249.42.129
16,157.45.23.30
17,47.30.9.243
18,27.249.125.8
19,47.31.143.101
20,27.251.26.59
21,49.42.24.118
22,157.32.211.104
23,223.237.128.135
24,47.30.67.215
25,27.249.222.54
26,49.249.216.39
27,157.46.156.216
28,223.238.61.115
29,157.40.216.2
30,47.29.10.116
31,223.227.155.126
32,59.97.220.129
33,223.231.37.172
34,27.249.154.208
35,47.31.170.116
36,49.38.231.123
37,49.248.213.74
38,157.33.86.245
39,49.248.192.193
40,27.248.247.1
41,27.249.26.42
42,49.248.127.180
43,223.239.211.163
44,59.94.198.40
45,157.40.237.187
46,59.96.157.81
47,47.30.191.231
48,49.249.75.92
49,223.224.144.215
50,47.31.56.247
51,59.99.16.96
52,157.44.229.247
53,157.49.173.30
54,49.41.123.177
55,59.90.68.43
56,223.226.81.15
57,27.249.86.223
58,27.251.59.13
59,49.248.74.159
60,47.31.67.38
61,59.95.217.177
62,157.41.88.129
63,59.95.189.223
64,49.36.34.234
65,49.40.177.64
66,49.248.148.61
67,49.46.74.48
68,49.45.162.203
69,49.36.196.242
70,157.38.83.61
71,157.41.126.62
72,27.250.131.157
73,27.248.120.163
74,49.249.94.81
75,157.50.214.147
76,27.249.77.46
77,49.33.71.23
78,157.34.206.15
79,47.30.232.27
80,47.29.191.26
81,49.249.77.149
82,59.97.13.86
83,223.233.55.11
84,49.249.0.209
85,59.88.53.73
86,27.249.52.207
87,157.38.180.70
88,59.93.78.45
89,27.249.71.85
90,157.39.215.13
91,157.38.114.237
92,49.248.221.169
93,157.35.201.113
94,49.42.166.194
95,49.32.88.14
96,59.95.67.134
97,27.251.130.190
98,59.96.162.107
99,157.48.124.131
100,49.38.28.61
101,59.97.105.75
102,59.90.120.243
103,49.46.134.91
104,157.40.147.129
105,49.40.169.13
106,27.248.246.18
107,223.231.43.89
108,59.99.46.193
109,49.40.59.79
110,59.99.214.175
111,47.31.85.158
112,157.50.84.27
113,157.46.191.182
114,49.33.104.175
115,223.237.147.100
116,223.233.76.159
117,49.47.100.226
118,59.89.116.215
119,49.43.33.182
120,27.249.156.81
121,47.31.156.250
122,49.34.53.247
123,59.89.98.114
124,49.249.195.33
125,59.98.55.58
126,157.42.253.242
127,47.31.132.92
128,47.29.236.205
129,27.250.198.114
130,49.248.199.66
131,223.235.228.69
132,59.99.162.210
133,223.229.17.6
134,59.99.14.53
135,49.41.156.108
136,157.47.235.60
137,157.49.226.112
138,27.251.7.139
139,59.91.40.136
140,49.36.12.231
141,49.248.251.229
142,223.234.210.240
143,49.249.161.64
144,49.32.9.194
145,59.92.41.16
146,49.249.48.178
147,49.249.235.250
148,27.249.114.107
149,223.236.19.146
150,157.47.215.162
151,59.89.1.243
152,157.36.250.113
153,59.90.255.202
154,49.45.119.168
155,27.249.85.246
156,49.36.249.150
157,27.250.176.93
158,47.29.205.157
159,59.95.130.110
160,47.29.159.87
161,59.96.210.201
162,27.250.165.137
163,157.43.192.68
164,47.31.29.244
165,49.249.148.72
166,49.43.111.85
167,223.232.125.159
168,27.248.243.55
169,49.37.105.79
170,223.236.48.249
171,49.38.91.170
172,27.248.227.92
173,47.30.238.122
174,49.248.70.224
175,157.44.255.165
176,59.96.186.11
177,59.94.135.216
178,59.99.8.27
179,49.249.164.67
180,59.93.116.85
181,223.231.62.169
182,223.226.47.136
183,49.33.144.50
184,157.51.65.29
185,223.237.98.94
186,47.31.89.15
187,47.31.206.79
188,157.45.112.142
189,223.236.122.45
190,47.30.76.43
191,59.94.108.204
192,49.46.152.24
193,49.41.56.105
194,27.250.48.227
195,49.39.28.53
196,47.30.188.80
197,157.49.204.172
198,157.33.251.70
199,49.248.114.0
200,223.238.92.126
201,59.93.132.144
202,27.249.40.18
203,49.39.99.5
204,59.95.135.139
205,27.250.131.216
206,223.225.245.249
207,157.38.133.240
208,223.230.143.171
209,223.228.5.92
210,47.31.32.145
211,157.45.216.175
212,49.42.34.234
213,59.88.250.60
214,223.236.68.20
215,49.41.171.205
216,49.249.50.56
217,59.94.77.240
218,157.33.109.233
219,157.41.4.101
220,47.31.239.166
221,27.249.219.196
222,59.92.47.161
223,157.44.115.214
224,223.224.171.51
225,59.93.255.120
226,59.91.187.28
227,59.91.91.33
228,157.40.250.1
229,157.51.189.168
230,59.89.57.14
231,223.231.55.115
232,59.88.159.187
233,49.37.209.87
234,59.98.114.75
235,223.230.48.229
236,157.33.204.184
237,27.248.174.69
238,27.250.205.158
239,47.31.170.238
240,49.249.29.116
241,47.31.147.41
242,49.33.208.21
243,157.48.250.27
244,59.97.201.110
245,47.29.18.109
246,49.37.251.222
247,59.91.17.241
248,49.249.104.217
249,49.35.196.206
250,49.248.37.134
251,27.248.201.58
252,49.248.154.20
253,223.229.51.187
254,49.249.72.147
255,27.250.121.20
256,49.248.220.68
257,49.43.150.194
258,59.88.154.206
259,27.248.235.129
260,157.38.39.243
261,49.34.49.90
262,27.251.224.248
263,27.249.234.179
264,27.251.233.23
265,27.248.113.47
266,223.231.128.151
267,27.249.254.57
268,49.249.225.21
269,49.249.143.240
270,59.96.198.44
271,47.30.201.228
272,47.31.109.134
273,157.39.164.45
274,49.35.82.7
275,157.32.161.87
276,49.248.210.104
277,27.250.16.239
278,47.31.197.42
279,49.47.42.155
280,157.47.70.68
281,49.34.129.145
282,157.35.102.109
283,49.249.255.115
284,157.39.31.99
285,49.35.69.74
286,47.29.144.152
287,157.36.103.141
288,157.36.192.210
289,49.249.225.7
290,157.42.164.146
291,49.32.200.40
292,27.248.215.39
293,49.42.45.223
294,49.44.98.82
295,49.249.126.77
296,49.248.252.230
297,49.33.25.182
298,49.248.139.188
299,27.249.212.84
300,49.248.214.225
301,157.49.15.172
302,59.88.21.49
303,49.248.153.50
304,157.51.230.234
305,59.98.248.24
306,59.89.138.67
307,223.238.168.147
308,47.30.206.151
309,49.36.234.115
310,27.248.232.205
311,59.90.185.153
312,59.98.177.133
313,49.248.12.236
314,223.239.83.4
315,27.251.52.104
316,27.249.88.2
317,27.248.217.5
318,59.98.20.119
319,47.31.183.132
320,223.226.208.6
321,49.42.180.220
322,27.251.229.233
323,27.251.129.165
324,59.98.112.112
325,47.30.215.243
326,59.90.108.61
327,47.31.249.55
328,47.29.203.139
329,157.37.92.145
330,223.225.65.5
331,49.249.75.152
332,49.248.77.134
333,223.232.198.239
334,49.248.77.118
335,47.30.172.149
336,49.248.43.31
337,27.248.90.4
338,157.34.90.180
339,47.29.77.125
340,47.31.32.124
341,49.249.207.183
342,157.41.160.170
343,49.38.66.236
344,223.227.90.69
345,157.36.236.241
346,223.234.183.116
347,49.248.16.18
348,59.95.162.118
349,49.37.35.80
350,27.249.230.113
351,59.88.252.63
352,27.250.145.169
353,49.248.23.214
354,27.251.9.131
355,47.31.102.134
356,47.30.97.167
357,223.236.74.100
358,157.41.122.148
359,157.46.133.178
360,223.238.245.4
361,49.249.32.248
362,157.33.137.93
363,49.38.92.12
364,49.36.194.43
365,27.249.141.4
366,47.30.145.236
367,27.249.224.29
368,47.30.192.90
369,223.228.156.98
370,27.248.8.204
371,49.249.254.72
372,27.251.12.122
373,59.89.196.40
374,157.35.91.154
375,157.32.183.186
376,223.237.156.202
377,59.93.20.239
378,47.31.160.24
379,223.234.235.33
380,49.249.47.173
381,49.249.6.111
382,59.94.183.146
383,27.248.69.231
384,157.48.45.146
385,47.29.227.236
386,59.99.26.133
387,59.91.108.68
388,223.224.43.127
389,47.30.11.129
390,59.93.155.101
391,47.30.128.170
392,27.249.50.106
393,157.49.138.98
394,27.249.146.247
395,49.35.6.201
396,223.227.47.6
397,49.40.177.49
398,27.250.93.123
399,49.33.239.121
400,49.249.87.12
401,223.231.205.223
402,27.251.142.202
403,157.37.127.118
404,223.234.215.91
405,27.248.48.48
406,27.250.78.211
407,47.31.5.168
408,223.233.153.118
409,47.29.59.166
410,59.94.78.17
411,157.47.33.131
412,59.96.69.152
413,27.248.151.125
414,47.30.2.154
415,27.248.218.177
416,49.47.16.184
417,49.47.77.37
418,59.99.35.218
419,223.229.217.103
420,157.45.199.191
421,59.95.178.44
422,49.35.230.246
423,59.95.74.226
424,223.237.150.130
425,47.29.187.126
426,157.34.0.119
427,49.249.160.22
428,59.96.147.115
429,59.97.25.41
430,223.233.150.50
431,49.46.254.184
432,157.49.166.207
433,47.31.240.73
434,47.30.226.178
435,47.31.191.28
436,157.47.50.19
437,49.40.16.227
438,49.42.235.184
439,49.37.201.160
440,157.32.230.237
441,157.44.30.51
442,49.33.190.181
443,27.249.13.57
444,49.40.171.164
445,27.251.241.227
446,157.41.27.237
447,49.249.111.170
448,49.249.150.143
449,59.99.124.175
450,157.36.241.9
451,47.30.190.108
452,223.233.78.226
453,223.236.169.130
454,59.99.21.209
455,47.30.221.71
456,157.36.140.191
457,157.51.38.131
458,27.250.12.150
459,27.250.0.242
460,223.232.220.41
461,49.47.182.91
462,47.31.214.56
463,27.248.24.23
464,27.251.47.159
465,157.43.255.46
466,59.95.173.215
467,157.47.120.111
468,47.29.188.185
469,59.97.238.187
470,59.97.18.197
471,49.33.178.247
472,157.46.120.189
473,157.51.49.162
474,157.36.249.223
475,27.251.177.236
476,49.34.110.96
477,59.98.74.189
478,59.93.249.193
479,49.248.208.101
480,157.40.36.222
481,27.248.44.43
482,49.33.57.190
483,157.45.109.47
484,47.29.36.212
485,27.251.66.20
486,49.249.92.250
487,49.36.136.111
488,49.38.5.181
489,49.47.75.61
490,49.249.68.135
491,27.249.44.33
492,27.249.205.161
493,49.47.244.218
494,49.34.123.157
495,27.249.227.250
496,59.99.201.129
497,49.248.113.171
498,49.47.4.239
499,59.93.207.3
500,59.94.197.131
501,49.32.58.102
502,49.248.27.198
503,223.224.207.71
504,27.249.251.211
505,157.45.11.78
506,59.99.187.75
507,27.249.124.6
508,157.45.42.178
509,49.39.2.37
510,49.248.210.182
511,59.88.157.127
512,157.45.97.71
513,49.35.194.78
514,27.251.54.27
515,27.249.176.22
516,27.250.234.92
517,157.51.214.214
518,223.231.11.106
519,49.249.34.241
520,49.248.111.219
521,223.228.224.117
522,27.248.202.138
523,49.248.72.5
524,223.226.89.206
525,27.250.104.58
526,49.248.129.52
527,49.34.219.50
528,223.228.143.70
529,27.250.154.60
530,59.88.227.20
531,59.90.59.179
532,59.94.37.24
533,49.248.150.68
534,27.250.164.95
535,49.42.147.88
536,47.31.83.73
537,27.250.16.237
538,49.37.196.212
539,157.38.127.60
540,27.251.87.177
541,59.99.246.179
542,223.226.169.76
543,49.249.71.76
544,157.39.68.99
545,59.99.57.161
546,47.30.71.101
547,49.248.111.9
548,49.248.80.237
549,157.40.235.198
550,157.40.59.105
551,27.251.225.234
552,47.31.117.221
553,157.42.78.19
554,47.30.200.84
555,47.29.181.229
556,49.34.190.75
557,47.31.122.241
558,157.45.160.62
559,59.96.124.68
560,59.92.57.146
561,27.250.34.59
562,49.33.193.152
563,223.239.107.48
564,49.248.238.68
565,59.98.150.196
566,49.249.164.71
567,49.45.2.249
568,49.44.238.103
569,47.31.120.227
570,49.37.182.72
571,157.37.74.181
572,49.45.157.37
573,157.50.62.27
574,27.251.97.77
575,49.44.236.203
576,27.250.27.168
577,27.249.208.168
578,59.90.99.126
579,49.35.153.84
580,47.31.227.99
581,27.249.140.108
582,49.38.4.57
583,49.40.8.25
584,27.250.12.76
585,223.227.68.52
586,59.88.224.183
587,27.248.53.243
588,27.250.124.220
589,49.249.47.109
590,223.237.200.62
591,49.44.93.72
592,47.29.152.94
593,157.35.179.206
594,47.29.238.102
595,27.251.31.210
596,157.32.64.8
597,27.251.76.226
598,157.39.218.219
599,47.31.198.9
600,223.229.130.109
601,47.31.80.24
602,59.89.103.62
603,49.248.255.88
604,59.95.24.247
605,47.29.198.219
606,49.249.7.224
607,49.248.211.212
608,49.249.183.4
609,157.32.119.138
610,223.233.204.88
611,27.251.74.9
612,49.249.252.184
613,59.97.207.38
614,49.249.55.33
615,49.34.36.9
616,49.249.31.58
617,59.97.238.221
618,47.29.48.155
619,49.249.146.199
620,157.44.233.137
621,27.250.23.235
622,157.47.154.247
623,47.30.120.123
624,157.35.124.72
625,27.251.42.225
626,27.248.139.98
627,49.41.22.146
628,27.250.228.71
629,59.93.191.221
630,49.248.217.183
631,157.50.224.16
632,157.34.113.176
633,49.249.7.177
634,49.248.184.173
635,49.46.113.173
636,59.99.35.101
637,47.29.50.235
638,223.236.73.247
639,49.40.134.111
640,49.249.240.155
641,223.231.49.206
642,49.35.90.21
643,27.249.254.90
644,49.42.176.92
645,49.45.184.77
646,27.249.188.28
647,47.29.117.235
648,47.31.38.167
649,157.35.164.17
650,59.89.99.209
651,27.250.8.139
652,49.35.160.132
653,157.50.115.74
654,223.226.151.197
655,47.29.144.85
656,157.32.126.187
657,27.251.114.25
658,223.230.1.117
659,223.236.3.15
660,157.38.234.191
661,49.42.223.14
662,223.227.248.4
663,157.46.234.81
664,157.49.91.200
665,59.95.190.112
666,59.88.33.82
667,47.31.20.38
668,59.96.14.186
669,49.43.90.136
670,47.30.172.22
671,47.31.239.7
672,59.95.32.44
673,47.31.200.106
674,157.42.129.242
675,59.97.78.216
676,49.44.222.184
677,223.235.11.157
678,157.47.65.64
679,49.249.117.124
680,223.239.169.102
681,59.88.4.200
682,47.30.231.214
683,47.30.174.194
684,27.251.18.115
685,27.248.179.64
686,27.250.79.154
687,157.34.97.141
688,49.33.46.81
689,59.96.7.43
690,49.38.71.168
691,49.249.149.182
692,47.29.126.137
693,223.227.209.241
694,49.38.201.113
695,223.228.48.209
696,47.31.85.207
697,47.30.93.92
698,27.248.135.112
699,49.47.163.60
700,27.250.154.59
701,223.229.43.211
702,49.43.25.54
703,59.96.189.47
704,59.92.104.134
705,157.51.157.10
706,49.45.116.150
707,49.35.138.18
708,27.249.23.177
709,49.249.25.13
710,49.47.28.119
711,27.251.199.76
712,27.250.96.38
713,49.249.56.26
714,49.248.62.212
715,27.251.3.245
716,59.95.198.236
717,223.231.117.42
718,27.251.218.242
719,49.45.234.52
720,27.250.176.14
721,47.30.16.54
722,49.248.187.14
723,49.248.248.178
724,49.44.129.69
725,49.248.49.49
726,49.37.216.169
727,49.248.131.152
728,47.30.54.201
729,49.42.25.128
730,157.47.6.140
731,47.30.45.234
732,223.237.211.168
733,157.36.138.209
734,27.248.209.143
735,223.233.111.2
736,59.88.244.56
737,27.250.198.9
738,59.88.99.71
739,49.248.92.98
740,49.249.240.211
741,27.249.103.193
742,157.47.77.49
743,223.229.87.216
744,49.45.103.101
745,27.249.74.109
746,223.235.109.212
747,59.96.199.219
748,27.249.227.126
749,27.249.181.40
750,223.225.239.5
751,47.30.176.33
752,59.89.79.22
753,49.33.169.208
754,157.39.211.99
755,223.234.210.183
756,157.35.65.180
757,157.43.44.101
758,27.251.205.193
759,49.249.124.56
760,27.248.69.154
761,47.30.16.95
762,157.38.149.153
763,49.35.253.171
764,49.44.159.66
765,157.47.211.113
766,49.34.174.101
767,49.34.242.205
768,49.249.220.13
769,59.88.185.98
770,49.33.4.112
771,157.44.19.176
772,49.35.218.144
773,59.99.132.213
774,47.31.68.158
775,49.32.191.245
776,223.237.169.29
777,27.251.219.130
778,47.30.158.188
779,157.39.148.154
780,47.30.132.120
781,223.227.93.6
782,223.228.5.250
783,59.95.202.87
784,27.250.151.227
785,27.249.214.73
786,157.40.67.222
787,223.231.101.57
788,49.248.74.8
789,47.29.59.169
790,59.92.181.36
791,59.97.31.13
792,157.32.71.146
793,157.43.187.93
794,49.248.114.166
795,49.248.203.168
796,49.37.178.38
797,27.250.192.158
798,49.248.223.216
799,223.230.77.108
800,223.230.120.182
801,47.31.8.26
802,223.233.228.74
803,49.249.159.189
804,47.29.121.151
805,47.31.197.89
806,223.234.36.46
807,47.31.210.118
808,59.97.213.87
809,59.88.86.181
810,157.36.146.123
811,49.40.225.79
812,49.44.67.88
813,47.31.85.166
814,47.30.204.130
815,157.37.142.74
816,157.40.92.64
817,49.248.172.174
818,49.42.231.10
819,223.224.230.205
820,27.250.191.212
821,49.44.145.214
822,27.251.165.43
823,27.251.63.60
824,59.88.131.59
825,157.35.188.48
826,59.99.227.189
827,59.96.60.240
828,223.229.207.146
829,157.48.79.121
830,47.29.19.193
831,157.42.122.95
832,157.47.20.32
833,47.29.82.197
834,157.42.131.151
835,27.248.24.101
836,59.98.136.124
837,47.30.245.23
838,59.98.245.5
839,47.29.112.4
840,223.237.149.242
841,59.88.246.220
842,47.29.226.179
843,49.33.161.216
844,47.30.44.0
845,47.31.174.140
846,49.249.171.143
847,157.43.54.208
848,59.98.168.213
849,59.95.3.208
850,47.29.215.219
851,49.44.143.16
852,27.250.38.201
853,49.249.100.243
854,59.97.180.154
855,47.29.210.76
856,49.248.243.94
857,27.250.209.69
858,49.37.42.210
859,59.97.100.182
860,59.99.104.212
861,59.88.91.29
862,27.248.79.23
863,49.248.8.233
864,49.248.243.134
865,59.96.248.192
866,27.249.79.216
867,27.249.73.173
868,59.94.61.123
869,49.38.64.35
870,49.35.125.204
871,223.237.26.181
872,47.29.108.206
873,27.250.228.230
874,49.249.191.144
875,27.251.168.79
876,49.249.15.101
877,49.249.76.52
878,49.45.86.185
879,223.237.155.82
880,59.95.217.129
881,59.96.99.12
882,157.35.155.108
883,49.46.69.196
884,49.44.109.18
885,59.94.225.182
886,47.31.204.97
887,223.231.63.189
888,59.91.21.110
889,157.34.247.65
890,47.31.23.161
891,223.237.72.34
892,47.30.204.3
893,49.44.123.80
894,59.98.53.220
895,49.44.189.115
896,223.227.38.161
897,223.228.214.52
898,27.250.161.72
899,157.39.166.224
900,49.249.32.32
901,59.96.60.27
902,223.235.63.139
903,49.248.236.196
904,47.30.212.20
905,157.38.178.220
906,49.34.95.140
907,223.237.250.17
908,27.248.240.55
909,27.251.19.51
910,27.249.15.58
911,157.38.220.134
912,223.237.89.242
913,49.44.33.220
914,59.94.242.215
915,223.234.66.227
916,223.235.212.13
917,27.251.134.227
918,49.35.196.237
919,157.40.203.239
920,157.39.214.86
921,49.249.45.168
922,27.248.173.220
923,157.36.7.148
924,157.34.135.116
925,223.239.245.40
926,157.44.1.122
927,49.45.127.87
928,59.93.134.85
929,49.33.193.229
930,157.36.220.113
931,157.51.16.139
932,59.99.109.210
933,223.224.19.17
934,47.30.121.86
935,223.226.105.239
936,157.46.163.145
937,47.30.179.80
938,157.46.120.72
939,27.249.119.182
940,27.248.224.80
941,49.32.18.129
942,157.49.64.68
943,27.248.173.186
944,49.249.144.189
945,49.43.151.222
946,49.40.20.151
947,49.249.232.100
948,59.90.254.155
949,49.248.204.75
950,223.224.83.90
951,59.99.82.125
952,157.51.145.1
953,27.251.85.35
954,49.249.241.216
955,59.88.228.211
956,27.249.214.169
957,47.30.44.27
958,59.96.93.182
959,49.38.91.181
960,47.31.16.191
961,49.39.106.216
962,49.248.25.227
963,157.33.34.210
964,49.248.33.91
965,59.96.41.26
966,47.29.225.39
967,59.95.13.96
968,49.40.41.130
969,59.91.180.247
970,49.248.255.27
971,223.230.211.198
972,223.228.187.88
973,223.236.213.72
974,49.44.31.174
975,59.97.198.223
976,27.251.0.228
977,49.33.87.165
978,59.88.53.74
979,27.250.138.98
980,49.33.90.22
981,223.234.94.21
982,27.250.95.247
983,49.248.200.170
984,47.29.148.30
985,47.30.130.32
986,47.29.9.13
987,223.236.1.28
988,47.31.251.205
989,47.31.27.19
990,49.248.196.29
991,27.249.167.161
992,59.95.234.72
993,49.249.118.19
994,157.45.223.126
995,49.249.92.173
996,49.38.155.229
997,49.38.249.91
998,27.250.38.3
999,27.251.118.43
1000,27.248.31.139
1001,157.49.196.95
1002,49.40.240.194
1003,59.88.57.137
1004,157.51.94.215
1005,49.39.216.22
1006,49.248.205.227
1007,49.249.104.186
1008,157.40.126.153
1009,157.39.131.87
1010,157.50.200.85
1011,223.235.191.53
1012,49.39.218.231
1013,47.30.179.209
1014,49.40.90.194
1015,49.37.232.135
1016,49.33.79.109
1017,59.98.192.127
1018,47.31.184.106
1019,157.32.85.160
1020,27.251.196.34
1021,47.30.91.216
1022,47.31.220.34
1023,49.40.215.227
1024,59.90.215.88
1025,49.39.187.183
1026,27.249.141.228
1027,27.250.209.155
1028,49.32.75.164
1029,157.46.49.129
1030,49.32.100.134
1031,49.248.200.124
1032,47.31.40.205
1033,47.31.11.217
1034,157.50.77.66
1035,49.248.37.115
1036,157.50.229.41
1037,47.31.215.249
1038,157.36.73.238
1039,223.227.163.224
1040,223.233.164.50
1041,47.31.223.163
1042,59.89.107.42
1043,27.248.118.120
1044,47.31.142.94
1045,27.250.51.181
1046,47.31.115.105
1047,223.233.139.29
1048,47.31.62.165
1049,223.237.69.147
1050,49.249.205.10
1051,47.30.144.141
1052,223.230.128.163
1053,223.231.234.72
1054,223.235.50.14
1055,157.34.80.199
1056,157.32.185.52
1057,157.45.210.144
1058,223.231.93.86
1059,223.230.45.123
1060,49.248.252.209
1061,49.249.174.150
1062,157.51.102.113
1063,223.238.26.173
1064,49.249.197.40
1065,49.249.12.100
1066,47.29.96.145
1067,49.44.85.44
1068,49.45.190.91
1069,49.249.48.154
1070,223.237.95.61
1071,49.248.31.250
1072,59.92.74.12
1073,157.39.161.37
1074,49.249.228.181
1075,157.39.149.210
1076,47.29.170.135
1077,27.249.184.144
1078,49.41.184.72
1079,223.237.202.119
1080,223.235.129.215
1081,47.29.60.40
1082,157.50.215.176
1083,27.251.39.46
1084,49.249.195.103
1085,59.94.158.212
1086,27.250.69.52
1087,49.33.161.173
1088,49.35.132.95
1089,157.40.93.169
1090,59.98.144.32
1091,47.31.109.76
1092,49.248.246.29
1093,59.92.186.225
1094,49.45.55.221
1095,157.47.78.18
1096,47.29.247.115
1097,47.29.103.230
1098,49.249.175.176
1099,157.46.122.90
1100,47.29.36.230
1101,59.96.206.104
1102,59.96.167.92
1103,223.224.119.167
1104,27.250.218.39
1105,27.250.23.174
1106,49.249.96.78
1107,157.49.162.160
1108,157.35.37.134
1109,27.250.61.103
1110,47.30.57.92
1111,157.38.171.250
1112,27.250.134.218
1113,59.89.247.181
1114,49.248.102.148
1115,157.45.95.69
1116,47.31.230.235
1117,47.29.143.88
1118,223.231.156.158
1119,47.30.227.234
1120,49.248.234.29
1121,59.94.88.16
1122,157.45.71.174
1123,47.29.162.180
1124,59.98.105.60
1125,27.251.222.97
1126,157.47.215.50
1127,49.248.203.164
1128,157.40.179.212
1129,59.88.127.60
1130,49.249.74.70
1131,49.248.181.227
1132,157.48.126.169
1133,27.251.18.233
1134,157.38.66.178
1135,223.238.189.93
1136,49.47.21.68
1137,157.34.50.189
1138,49.248.102.115
1139,49.249.153.30
1140,157.36.227.173
1141,49.33.168.247
1142,157.41.253.110
1143,157.45.148.137
1144,223.237.87.238
1145,223.227.198.225
1146,27.250.180.236
1147,157.46.77.174
1148,49.249.227.145
1149,49.34.42.224
1150,223.233.90.145
1151,59.90.102.209
1152,157.47.110.99
1153,59.93.228.120
1154,49.248.208.78
1155,49.39.24.92
1156,59.96.231.204
1157,47.31.156.229
1158,49.248.74.111
1159,27.249.217.113
1160,49.42.217.96
1161,49.35.207.250
1162,49.249.214.14
1163,27.249.32.214
1164,27.249.121.169
1165,47.29.78.142
1166,59.97.41.22
1167,49.248.51.147
1168,27.249.17.1
1169,49.248.83.250
1170,59.96.27.15
1171,47.30.242.180
1172,49.249.131.239
1173,27.251.90.40
1174,27.250.160.103
1175,49.249.83.34
1176,27.249.65.249
1177,27.250.194.42
1178,223.225.58.140
1179,49.249.175.145
1180,223.233.107.197
1181,27.250.74.66
1182,157.49.45.12
1183,49.33.127.236
1184,59.93.72.49
1185,47.29.65.23
1186,59.95.249.3
1187,49.249.190.240
1188,47.30.34.165
1189,49.249.129.184
1190,49.34.5.212
1191,47.31.90.217
1192,27.249.236.175
1193,47.31.234.246
1194,59.92.29.216
1195,157.35.104.99
1196,157.34.94.82
1197,49.248.116.95
1198,223.229.246.92
1199,157.37.255.189
1200,157.46.109.204
1201,47.29.232.121
1202,157.36.94.164
1203,223.229.208.172
1204,47.29.58.197
1205,27.249.107.235
1206,59.92.86.95
1207,59.99.148.107
1208,157.35.54.173
1209,49.248.4.134
1210,223.235.252.81
1211,49.45.69.94
1212,49.249.14.217
1213,49.249.60.35
1214,59.89.181.166
1215,49.47.158.40
1216,27.248.193.213
1217,47.29.217.177
1218,47.30.31.134
1219,59.95.83.215
1220,47.31.180.240
1221,59.89.240.87
1222,47.30.198.224
1223,27.250.222.14
1224,47.29.216.73
1225,47.31.96.208
1226,47.31.7.99
1227,49.39.191.64
1228,47.29.33.131
1229,223.236.210.69
1230,27.248.149.200
1231,27.250.124.1
1232,27.251.240.77
1233,59.93.143.108
1234,49.248.236.201
1235,59.95.3.85
1236,223.225.51.165
1237,223.236.223.88
1238,47.29.210.127
1239,49.46.221.120
1240,223.231.158.228
1241,47.30.182.230
1242,223.231.194.37
1243,49.43.199.143
1244,27.251.118.117
1245,49.249.250.9
1246,47.30.191.38
1247,49.47.69.122
1248,49.45.36.102
1249,157.40.35.202
1250,59.88.114.238
1251,59.97.191.246
1252,223.229.154.46
1253,223.232.11.58
1254,49.249.142.232
1255,49.33.247.243
1256,27.249.38.113
1257,49.33.134.194
1258,157.45.126.12
1259,157.40.27.234
1260,157.48.28.158
1261,157.49.110.55
1262,223.226.248.7
1263,157.36.39.235
1264,49.248.119.249
1265,223.239.105.226
1266,47.31.168.21
1267,49.248.38.146
1268,223.239.72.1
1269,49.43.8.175
1270,27.251.112.184
1271,49.46.174.107
1272,157.38.90.77
1273,157.32.187.123
1274,47.29.164.122
1275,223.238.243.73
1276,47.31.154.231
1277,223.234.187.22
1278,49.248.200.63
1279,59.97.72.28
1280,223.229.224.95
1281,27.249.104.25
1282,49.38.95.234
1283,157.35.215.163
1284,27.248.63.173
1285,59.88.67.125
1286,49.248.51.27
1287,49.37.25.135
1288,59.88.134.218
1289,157.44.159.0
1290,49.248.38.189
1291,47.30.20.132
1292,49.248.248.193
1293,27.250.208.138
1294,59.89.131.94
1295,49.38.250.248
1296,157.33.24.206
1297,157.48.47.108
1298,49.249.54.247
1299,49.41.72.34
1300,27.248.109.240
1301,49.249.52.123
1302,223.228.101.49
1303,27.250.40.219
1304,49.248.59.10
1305,49.37.254.86
1306,59.90.244.166
1307,157.42.143.12
1308,223.231.144.198
1309,47.29.230.191
1310,223.237.237.102
1311,47.29.104.196
1312,47.31.21.202
1313,157.47.95.22
1314,27.248.21.63
1315,59.93.124.237
1316,59.96.111.183
1317,49.248.19.192
1318,49.248.117.163
1319,49.249.52.44
1320,223.230.165.177
1321,49.248.6.197
1322,59.98.62.241
1323,49.249.125.99
1324,157.44.182.104
1325,223.237.14.20
1326,27.250.113.133
1327,49.249.39.143
1328,59.93.194.176
1329,59.93.112.152
1330,27.248.64.227
1331,47.29.69.33
1332,223.227.135.79
1333,49.34.101.54
1334,47.31.205.70
1335,47.31.47.112
1336,223.234.18.135
1337,223.237.148.119
1338,157.51.209.244
1339,49.45.231.3
1340,49.35.142.226
1341,49.42.88.38
1342,157.50.47.176
1343,223.234.30.40
1344,49.43.79.214
1345,47.31.206.238
1346,49.45.103.180
1347,49.248.168.187
1348,47.29.162.62
1349,49.32.173.123
1350,47.31.167.82
1351,49.249.115.229
1352,47.30.22.230
1353,27.248.167.35
1354,27.249.161.184
1355,49.42.81.44
1356,157.50.208.186
1357,59.89.217.137
1358,47.31.157.23
1359,47.29.225.215
1360,59.91.50.19
1361,49.249.65.156
1362,59.97.208.15
1363,49.249.95.204
1364,223.231.110.117
1365,223.236.191.190
1366,59.88.5.118
1367,49.249.112.138
1368,27.248.57.4
1369,49.47.131.206
1370,223.229.147.92
1371,47.31.65.48
1372,49.249.112.202
1373,49.40.119.84
1374,47.31.242.102
1375,27.250.251.86
1376,223.231.200.231
1377,49.248.32.219
1378,49.32.102.30
1379,157.51.110.188
1380,27.251.85.60
1381,47.30.245.144
1382,59.99.198.157
1383,49.249.63.153
1384,49.34.27.154
1385,223.225.190.49
1386,49.249.220.78
1387,47.31.153.207
1388,49.36.88.152
1389,223.236.200.9
1390,59.96.126.99
1391,223.232.204.10
1392,49.40.0.163
1393,157.33.148.222
1394,223.230.40.159
1395,223.226.213.70
1396,223.236.217.154
1397,157.51.67.126
1398,47.30.172.124
1399,59.91.80.13
1400,27.248.197.196
1401,59.90.109.33
1402,27.251.255.6
1403,27.249.22.86
1404,157.49.138.219
1405,27.248.240.46
1406,157.45.31.40
1407,27.250.149.187
1408,47.31.32.128
1409,47.31.191.168
1410,27.251.40.115
1411,47.30.11.176
1412,49.39.110.225
1413,49.43.27.77
1414,49.44.31.99
1415,49.249.245.153
1416,49.37.67.55
1417,157.39.126.220
1418,47.30.41.178
1419,157.39.2.218
1420,223.236.249.226
1421,157.41.254.81
1422,223.228.66.227
1423,49.249.214.132
1424,47.29.244.209
1425,47.29.137.22
1426,49.248.191.40
1427,59.91.9.181
1428,157.39.207.203
1429,223.228.35.89
1430,49.248.42.217
1431,47.31.49.114
1432,157.39.102.164
1433,59.90.112.105
1434,49.45.100.243
1435,157.45.193.123
1436,27.248.227.114
1437,59.99.63.238
1438,157.47.38.102
1439,27.249.218.156
1440,59.94.233.132
1441,59.88.204.120
1442,59.95.89.233
1443,59.88.248.143
1444,223.224.204.44
1445,59.88.57.44
1446,59.88.51.106
1447,27.249.58.248
1448,157.34.251.153
1449,49.249.105.169
1450,27.250.146.27
1451,27.248.241.106
1452,223.226.255.68
1453,157.34.17.63
1454,27.250.149.79
1455,27.250.208.179
1456,223.231.139.214
1457,223.236.168.41
1458,49.249.3.167
1459,49.41.147.36
1460,49.34.85.11
1461,49.43.131.105
1462,223.225.55.207
1463,59.89.11.235
1464,157.47.15.232
1465,49.248.17.159
1466,223.233.191.16
1467,157.49.156.189
1468,59.97.123.163
1469,49.33.10.207
1470,157.51.52.29
1471,157.35.202.1
1472,157.38.211.7
1473,157.34.58.19
1474,59.99.149.159
1475,223.239.142.67
1476,47.29.206.135
1477,157.42.236.40
1478,59.94.229.220
1479,27.249.229.215
1480,223.236.63.173
1481,157.42.238.131
1482,59.99.93.1
1483,27.251.74.54
1484,49.249.37.92
1485,27.250.186.34
1486,59.90.56.235
1487,49.249.160.182
1488,59.88.91.94
1489,27.251.116.22
1490,49.36.138.101
1491,223.237.105.0
1492,223.224.152.217
1493,223.230.202.249
1494,157.32.254.98
1495,157.34.228.155
1496,49.248.178.135
1497,49.248.43.61
1498,27.251.197.220
1499,157.47.12.185
1500,49.46.182.51
1501,47.30.75.216
1502,47.31.5.221
1503,47.30.53.187
1504,59.88.46.234
1505,223.237.24.154
1506,223.224.220.232
1507,223.225.229.185
1508,49.249.151.226
1509,49.36.70.102
1510,27.248.63.225
1511,59.97.7.6
1512,47.30.123.180
1513,49.42.39.70
1514,223.234.44.20
1515,27.249.29.165
1516,49.248.111.23
1517,49.248.105.137
1518,47.30.220.141
1519,49.42.177.158
1520,49.44.200.106
1521,27.250.234.167
1522,27.248.147.228
1523,49.249.135.104
1524,27.250.188.98
1525,223.229.177.213
1526,223.235.120.233
1527,157.39.164.130
1528,27.248.54.134
1529,27.251.96.68
1530,47.29.72.60
1531,157.48.39.19
1532,47.29.195.65
1533,49.34.198.48
1534,49.38.7.85
1535,59.89.243.27
1536,49.249.254.101
1537,223.232.13.130
1538,49.45.145.88
1539,49.32.123.21
1540,223.239.49.102
1541,27.248.211.42
1542,49.249.112.72
1543,59.97.80.23
1544,49.249.127.244
1545,47.29.113.80
1546,59.94.97.63
1547,59.93.191.202
1548,49.45.245.182
1549,49.248.247.120
1550,223.229.197.87
1551,47.31.209.229
1552,47.29.71.176
1553,47.31.157.175
1554,223.224.167.119
1555,49.47.76.71
1556,59.88.179.165
1557,27.249.87.88
1558,49.249.181.81
1559,49.248.101.236
1560,49.248.204.100
1561,157.39.152.125
1562,223.236.240.24
1563,47.29.66.53
1564,59.94.166.143
1565,223.234.249.78
1566,223.229.203.94
1567,59.97.24.146
1568,49.248.171.221
1569,157.46.174.225
1570,157.44.30.227
1571,47.31.144.38
1572,157.50.203.79
1573,27.250.66.161
1574,59.96.77.75
1575,157.37.100.119
1576,223.225.175.53
1577,59.98.91.233
1578,49.249.147.67
1579,223.230.244.8
1580,49.249.236.98
1581,223.224.234.176
1582,157.38.233.70
1583,27.251.169.49
1584,47.31.21.212
1585,27.249.203.159
1586,59.94.63.57
1587,49.248.167.11
1588,157.34.101.154
1589,59.91.46.101
1590,223.227.125.137
1591,27.248.104.185
1592,47.31.191.44
1593,59.97.197.153
1594,49.32.199.65
1595,223.236.46.68
1596,49.249.146.53
1597,47.29.78.109
1598,223.225.78.93
1599,223.225.9.118
1600,223.232.93.150
1601,47.31.79.74
1602,59.88.132.195
1603,49.248.91.97
1604,223.225.123.179
1605,47.29.156.179
1606,157.32.16.146
1607,49.249.91.170
1608,49.40.203.99
1609,49.46.47.32
1610,49.43.174.178
1611,223.233.219.50
1612,223.228.94.166
1613,223.229.250.29
1614,49.249.230.204
1615,27.248.7.229
1616,49.248.129.45
1617,27.248.8.217
1618,47.31.191.14
1619,223.233.57.144
1620,59.95.163.216
1621,49.44.29.25
1622,47.31.58.235
1623,157.37.101.201
1624,223.231.170.150
1625,47.30.220.32
1626,223.225.143.42
1627,223.226.147.76
1628,157.39.215.216
1629,59.88.106.91
1630,49.34.205.34
1631,49.248.199.57
1632,27.251.13.99
1633,49.37.240.25
1634,157.50.142.229
1635,49.249.87.192
1636,49.249.218.199
1637,59.89.161.171
1638,49.43.217.140
1639,27.249.244.210
1640,27.249.139.55
1641,49.47.86.2
1642,49.39.139.183
1643,49.38.126.188
1644,27.249.212.190
1645,49.248.33.129
1646,49.248.218.65
1647,59.97.231.129
1648,47.31.110.177
1649,157.35.238.245
1650,49.44.253.213
1651,59.89.195.2
1652,223.233.20.246
1653,47.29.128.46
1654,47.31.212.90
1655,49.35.44.114
1656,27.250.180.142
1657,49.248.197.57
1658,49.38.231.188
1659,49.32.108.247
1660,157.40.210.240
1661,49.249.168.211
1662,223.237.137.161
1663,59.93.73.220
1664,27.251.204.111
1665,223.226.166.188
1666,223.226.240.187
1667,59.94.64.8
1668,157.34.58.77
1669,59.98.44.191
1670,49.35.128.18
1671,47.29.141.173
1672,223.232.180.19
1673,27.251.250.112
1674,59.99.173.160
1675,27.248.30.135
1676,49.35.251.20
1677,59.92.171.204
1678,59.92.190.82
1679,157.37.81.64
1680,59.99.244.79
1681,49.248.123.132
1682,27.249.159.140
1683,49.47.237.112
1684,27.248.230.139
1685,47.29.136.187
1686,49.249.95.194
1687,223.230.163.189
1688,49.36.93.221
1689,59.91.204.163
1690,223.224.110.160
1691,27.251.39.66
1692,59.96.13.148
1693,59.99.210.41
1694,223.233.75.175
1695,47.31.47.237
1696,59.89.32.130
1697,49.44.193.21
1698,47.30.8.102
1699,157.37.102.230
1700,27.251.106.49
1701,157.38.202.164
1702,223.225.143.62
1703,223.225.72.57
1704,49.38.2.213
1705,223.239.56.176
1706,27.249.216.79
1707,59.97.188.0
1708,47.29.63.123
1709,59.99.247.247
1710,49.249.58.32
1711,49.249.226.48
1712,47.31.72.245
1713,27.248.8.28
1714,27.251.52.154
1715,223.236.194.112
1716,27.251.44.103
1717,223.232.129.161
1718,223.235.243.166
1719,157.42.235.134
1720,47.29.60.169
1721,27.249.17.130
1722,59.97.9.105
1723,223.228.115.45
1724,157.51.241.177
1725,223.230.183.124
1726,47.30.30.109
1727,49.248.176.84
1728,47.29.122.247
1729,49.249.103.19
1730,223.229.230.247
1731,49.37.41.229
1732,223.232.101.172
1733,49.46.111.118
1734,27.249.83.172
1735,59.91.12.88
1736,223.227.85.242
1737,27.251.54.24
1738,27.248.153.92
1739,59.88.188.158
1740,49.35.139.145
1741,157.45.20.109
1742,49.248.46.219
1743,59.95.58.91
1744,49.36.67.240
1745,47.29.135.165
1746,157.35.40.63
1747,49.32.8.126
1748,27.250.210.94
1749,59.96.154.59
1750,59.91.61.54
1751,223.234.33.214
1752,47.31.132.150
1753,223.234.40.68
1754,157.40.128.196
1755,59.97.48.132
1756,223.230.33.13
1757,47.31.92.25
1758,157.40.141.214
1759,223.225.57.207
1760,47.29.64.212
1761,27.248.245.10
1762,47.30.194.243
1763,47.31.26.219
1764,223.232.48.150
1765,157.33.240.141
1766,157.40.230.55
1767,157.35.102.168
1768,47.31.192.131
1769,47.29.76.64
1770,223.235.79.3
1771,157.38.51.143
1772,27.249.68.123
1773,49.248.160.85
1774,223.239.219.197
1775,157.36.157.145
1776,59.97.116.102
1777,49.248.144.51
1778,49.248.204.97
1779,49.37.196.119
1780,223.233.210.69
1781,49.249.20.193
1782,47.29.198.195
1783,223.225.233.102
1784,49.249.30.51
1785,59.90.121.184
1786,223.232.255.229
1787,49.38.71.103
1788,157.44.64.126
1789,49.32.230.227
1790,223.234.75.125
1791,157.48.1.120
1792,49.248.99.225
1793,49.248.139.85
1794,27.250.147.126
1795,59.89.57.181
1796,59.97.111.214
1797,157.46.14.153
1798,47.31.47.48
1799,157.50.81.90
1800,157.49.129.149
1801,47.29.254.0
1802,157.44.101.105
1803,49.248.147.98
1804,59.88.158.110
1805,49.248.138.51
1806,27.249.40.39
1807,27.251.43.198
1808,223.233.155.1
1809,157.38.7.249
1810,47.30.207.187
1811,223.237.78.243
1812,27.249.107.90
1813,49.249.127.200
1814,27.248.230.44
1815,27.250.245.92
1816,49.39.254.106
1817,59.94.193.161
1818,223.236.241.172
1819,47.31.92.209
1820,49.248.2.54
1821,59.91.31.174
1822,49.248.51.165
1823,59.94.105.124
1824,157.42.131.45
1825,49.248.201.79
1826,223.227.143.55
1827,49.35.162.58
1828,49.248.4.242
1829,59.96.148.247
1830,47.29.185.28
1831,59.94.220.227
1832,47.29.202.32
1833,47.31.124.111
1834,223.230.124.7
1835,47.30.248.43
1836,49.249.237.172
1837,47.30.63.165
1838,157.37.30.67
1839,47.29.164.111
1840,49.37.91.44
1841,49.248.177.225
1842,27.250.221.175
1843,49.40.36.159
1844,49.41.166.59
1845,49.248.21.194
1846,223.225.156.43
1847,157.40.66.18
1848,49.41.73.32
1849,47.29.255.226
1850,223.227.42.214
1851,59.91.82.243
1852,27.248.68.200
1853,157.45.111.94
1854,223.238.50.36
1855,59.99.91.35
1856,47.30.64.179
1857,27.251.167.160
1858,27.251.240.105
1859,47.30.199.195
1860,27.250.50.4
1861,59.93.200.148
1862,49.40.159.60
1863,223.239.143.23
1864,47.30.122.102
1865,223.227.193.17
1866,223.233.229.77
1867,49.249.153.69
1868,49.34.97.179
1869,59.91.80.73
1870,59.97.58.238
1871,223.224.229.228
1872,157.51.222.238
1873,59.98.60.150
1874,223.227.2.137
1875,49.249.6.140
1876,47.30.212.152
1877,223.227.158.231
1878,27.248.116.146
1879,223.236.119.195
1880,27.250.1.164
1881,49.249.239.129
1882,27.251.117.49
1883,59.92.94.43
1884,223.236.127.212
1885,157.50.27.38
1886,27.250.220.220
1887,47.30.232.239
1888,59.95.68.14
1889,49.249.29.4
1890,47.30.164.78
1891,59.98.9.58
1892,59.91.75.91
1893,47.31.179.186
1894,59.96.187.107
1895,223.237.41.6
1896,49.248.240.61
1897,47.31.192.129
1898,47.29.13.36
1899,49.249.255.72
1900,157.40.71.60
1901,157.48.149.141
1902,59.90.80.40
1903,47.31.155.152
1904,59.90.53.67
1905,59.93.24.198
1906,27.251.20.212
1907,47.30.220.50
1908,49.42.199.45
1909,223.238.168.79
1910,157.47.56.108
1911,49.248.95.82
1912,27.248.34.110
1913,49.249.223.7
1914,27.250.199.126
1915,49.248.34.218
1916,59.95.140.115
1917,223.227.20.37
1918,27.248.158.200
1919,27.251.99.165
1920,157.37.109.236
1921,27.248.123.189
1922,49.44.30.170
1923,223.228.234.105
1924,59.95.105.131
1925,49.37.185.169
1926,157.42.185.90
1927,49.41.18.193
1928,157.33.113.95
1929,49.34.79.207
1930,157.35.149.99
1931,47.30.51.66
1932,49.41.227.35
1933,157.33.175.208
1934,49.249.123.56
1935,223.230.149.242
1936,49.248.114.9
1937,223.230.221.243
1938,49.44.76.144
1939,59.89.226.26
1940,157.45.145.237
1941,223.228.134.14
1942,27.249.221.25
1943,157.46.99.142
1944,49.37.216.237
1945,27.250.36.119
1946,59.94.24.177
1947,59.95.182.150
1948,59.94.84.132
1949,223.229.23.5
1950,49.40.240.185
1951,223.237.64.214
1952,223.224.126.93
1953,27.248.230.177
1954,223.239.223.64
1955,47.30.14.238
1956,223.225.27.234
1957,59.92.106.192
1958,157.47.247.175
1959,49.248.79.91
1960,157.33.6.146
1961,157.38.164.236
1962,49.249.135.206
1963,157.43.54.211
1964,47.31.158.31
1965,49.249.212.144
1966,49.249.130.144
1967,223.227.243.234
1968,47.29.25.195
1969,47.29.5.10
1970,49.34.159.18
1971,59.89.134.176
1972,223.231.61.163
1973,47.29.224.180
1974,49.249.48.226
1975,47.29.201.210
1976,49.38.109.224
1977,49.44.52.111
1978,157.35.160.71
1979,47.30.128.217
1980,59.93.46.124
1981,47.31.137.150
1982,49.249.162.100
1983,49.41.58.133
1984,49.249.8.55
1985,47.30.181.97
1986,49.45.181.13
1987,47.30.11.61
1988,49.249.20.162
1989,223.232.20.57
1990,49.249.9.180
1991,223.224.164.152
1992,59.88.159.114
1993,47.30.102.80
1994,49.249.122.143
1995,157.40.131.2
1996,27.249.228.52
1997,47.31.29.2
1998,47.30.232.213
1999,59.97.44.183
2000,27.248.19.159
2001,157.47.134.29
2002,49.248.216.211
2003,223.225.61.77
2004,47.30.26.223
2005,49.42.6.212
2006,157.35.199.159
2007,49.40.180.9
2008,59.97.203.172
2009,59.91.151.59
2010,47.31.57.237
2011,27.249.192.33
2012,27.249.80.142
2013,49.43.84.190
2014,47.30.244.3
2015,47.30.164.132
2016,49.45.183.25
2017,49.35.104.37
2018,49.249.14.207
2019,59.99.49.191
2020,27.250.201.192
2021,223.225.168.177
2022,223.237.121.136
2023,49.40.123.229
2024,27.251.237.236
2025,27.249.29.69
2026,47.31.185.200
2027,49.46.109.207
2028,59.95.119.23
2029,47.30.18.67
2030,47.31.151.105
2031,27.251.187.147
2032,59.90.191.131
2033,49.39.80.68
2034,47.29.21.84
2035,47.30.0.83
2036,49.45.82.9
2037,157.34.167.66
2038,59.93.3.85
2039,157.35.117.197
2040,47.29.74.103
2041,59.97.254.150
2042,49.248.219.33
2043,157.36.235.0
2044,157.33.63.214
2045,49.34.184.92
2046,49.43.213.100
2047,157.42.244.189
2048,49.248.184.203
2049,49.248.224.23
2050,59.96.114.96
2051,49.248.9.184
2052,49.249.132.99
2053,59.95.8.77
2054,59.99.235.159
2055,157.41.56.235
2056,223.231.155.21
2057,223.225.198.27
2058,223.234.157.235
2059,49.43.22.27
2060,59.90.120.116
2061,49.45.97.203
2062,47.29.21.220
2063,47.31.216.69
2064,47.29.245.227
2065,27.250.34.239
2066,49.248.51.38
2067,27.248.231.60
2068,47.30.57.76
2069,47.30.190.80
2070,47.29.86.19
2071,157.42.224.149
2072,223.228.111.29
2073,27.249.15.227
2074,49.248.231.26
2075,59.97.124.132
2076,49.248.216.155
2077,49.41.68.65
2078,47.29.161.83
2079,49.36.218.45
2080,59.93.82.220
2081,223.224.162.12
2082,49.32.168.148
2083,157.34.144.200
2084,47.30.221.55
2085,49.35.66.4
2086,59.92.112.168
2087,49.38.95.65
2088,49.34.218.26
2089,49.45.55.108
2090,223.228.5.74
2091,157.35.140.138
2092,223.231.251.50
2093,27.248.18.96
2094,47.31.103.158
2095,157.45.32.135
2096,47.31.252.182
2097,49.249.1.174
2098,223.226.38.89
2099,157.48.168.60
2100,49.248.133.167
2101,27.248.206.87
2102,157.48.91.171
2103,49.248.237.156
2104,59.99.55.43
2105,49.248.13.22
2106,59.94.6.249
2107,157.49.223.146
2108,223.234.40.186
2109,223.238.244.219
2110,27.250.72.10
2111,223.233.174.114
2112,157.34.9.175
2113,49.249.203.42
2114,49.38.160.134
2115,27.248.122.199
2116,59.97.61.154
2117,59.91.187.244
2118,49.45.162.57
2119,47.30.84.184
2120,223.224.82.91
2121,157.44.46.16
2122,47.29.186.123
2123,157.45.252.104
2124,27.250.5.135
2125,59.92.190.136
2126,157.49.37.180
2127,223.231.18.22
2128,157.37.228.216
2129,59.96.149.187
2130,223.226.188.93
2131,47.30.84.218
2132,223.238.165.201
2133,47.31.32.182
2134,49.249.125.241
2135,27.250.185.134
2136,49.248.129.233
2137,223.233.175.235
2138,223.230.148.36
2139,157.49.174.136
2140,27.248.2.38
2141,49.38.239.109
2142,157.38.139.109
2143,49.248.250.187
2144,59.96.105.131
2145,157.33.242.162
2146,157.38.79.160
2147,49.39.56.48
2148,59.92.77.114
2149,49.248.123.203
2150,157.50.103.142
2151,27.248.37.170
2152,47.31.0.49
2153,59.91.229.11
2154,59.88.206.92
2155,49.39.201.234
2156,59.92.33.217
2157,223.233.241.32
2158,223.236.254.246
2159,47.29.89.221
2160,27.249.166.158
2161,49.248.137.122
2162,59.94.255.157
2163,49.249.190.96
2164,47.29.14.138
2165,49.249.211.74
2166,49.44.25.176
2167,49.248.32.8
2168,47.31.214.58
2169,223.229.47.13
2170,47.29.74.93
2171,49.45.53.161
2172,49.248.40.137
2173,59.99.0.106
2174,49.249.59.18
2175,59.88.57.131
2176,59.98.85.217
2177,27.249.251.135
2178,223.226.156.230
2179,157.44.221.102
2180,49.248.47.139
2181,223.225.175.64
2182,223.233.39.27
2183,49.249.55.224
2184,27.250.204.17
2185,157.49.82.185
2186,223.239.143.110
2187,49.33.114.117
2188,49.248.44.187
2189,59.93.136.91
2190,49.249.137.22
2191,47.30.91.91
2192,49.248.216.87
2193,47.31.105.188
2194,223.232.242.110
2195,49.42.122.70
2196,27.251.54.113
2197,49.248.194.53
2198,49.47.15.167
2199,27.250.216.174
2200,223.234.162.49
2201,49.248.100.70
2202,27.250.58.197
2203,223.234.148.237
2204,223.225.40.20
2205,157.49.162.18
2206,49.249.51.211
2207,47.30.35.229
2208,27.250.2.208
2209,27.251.182.209
2210,27.250.15.102
2211,49.248.101.229
2212,27.250.238.73
2213,47.30.214.76
2214,49.44.105.248
2215,27.249.218.58
2216,49.42.137.82
2217,27.249.192.85
2218,27.250.237.181
2219,157.51.157.66
2220,223.230.23.220
2221,223.227.116.215
2222,223.236.94.216
2223,157.39.61.91
2224,223.232.219.41
2225,47.29.11.162
2226,59.88.68.87
2227,47.30.220.48
2228,49.249.143.16
2229,49.248.106.150
2230,223.226.12.42
2231,47.30.236.164
2232,49.45.121.19
2233,49.248.165.56
2234,47.29.36.223
2235,49.44.245.140
2236,49.249.183.19
2237,59.91.164.14
2238,47.29.38.214
2239,157.48.161.204
2240,223.232.193.203
2241,27.249.183.161
2242,27.249.187.148
2243,49.43.24.39
2244,49.32.49.114
2245,157.39.186.35
2246,157.34.106.245
2247,49.46.135.46
2248,157.47.0.27
2249,49.36.176.14
2250,223.234.246.10
2251,49.40.48.189
2252,157.33.28.230
2253,59.88.102.17
2254,157.43.59.7
2255,157.45.154.10
2256,59.91.197.206
2257,49.47.155.54
2258,49.40.89.193
2259,223.224.58.178
2260,157.49.70.194
2261,49.41.209.215
2262,27.249.220.112
2263,27.248.111.36
2264,157.41.16.234
2265,47.29.165.135
2266,49.35.215.172
2267,223.234.169.141
2268,49.34.84.161
2269,47.30.140.39
2270,49.248.163.165
2271,47.29.242.92
2272,157.36.187.155
2273,47.30.165.198
2274,157.46.178.193
2275,47.30.254.12
2276,49.249.148.215
2277,49.46.147.141
2278,27.250.12.203
2279,157.36.60.155
2280,49.249.3.57
2281,49.248.252.69
2282,223.231.169.227
2283,27.251.117.110
2284,47.30.223.156
2285,27.248.55.110
2286,47.31.183.202
2287,157.36.99.151
2288,47.29.143.59
2289,27.248.254.105
2290,223.224.221.103
2291,157.44.118.81
2292,223.224.150.108
2293,59.94.215.49
2294,49.38.1.28
2295,59.89.241.34
2296,223.239.5.52
2297,49.34.104.70
2298,157.48.11.64
2299,59.98.236.167
2300,49.249.102.49
2301,49.41.230.210
2302,27.249.126.215
2303,223.234.253.212
2304,49.46.153.22
2305,47.29.50.134
2306,49.41.230.233
2307,49.249.17.58
2308,27.248.207.181
2309,157.39.16.165
2310,59.98.135.98
2311,59.93.62.190
2312,47.30.173.58
2313,49.249.193.103
2314,157.48.117.200
2315,59.94.82.67
2316,47.30.133.246
2317,49.249.171.132
2318,47.31.54.54
2319,157.43.255.60
2320,59.96.111.244
2321,59.98.205.129
2322,27.250.248.122
2323,27.251.54.49
2324,27.249.58.196
2325,49.248.126.144
2326,47.30.152.156
2327,49.249.126.12
2328,49.45.204.68
2329,223.226.107.170
2330,49.248.195.194
2331,157.46.57.147
2332,27.248.156.197
2333,47.29.193.187
2334,49.249.128.4
2335,49.248.21.145
2336,59.89.7.25
2337,27.250.199.132
2338,47.31.152.175
2339,27.248.122.5
2340,49.248.14.19
2341,47.30.23.129
2342,27.249.10.143
2343,59.92.46.0
2344,27.248.230.63
2345,49.43.234.206
2346,27.251.189.135
2347,49.46.94.97
2348,59.99.232.69
2349,59.89.40.203
2350,49.248.43.174
2351,27.249.124.128
2352,223.231.97.108
2353,223.225.238.225
2354,157.44.113.141
2355,157.47.255.130
2356,27.251.113.229
2357,47.29.195.96
2358,47.30.176.79
2359,47.29.138.244
2360,49.43.128.222
2361,49.249.39.135
2362,59.88.50.236
2363,49.32.132.151
2364,47.31.190.52
2365,49.248.142.204
2366,49.248.226.168
2367,27.248.210.157
2368,47.29.102.145
2369,223.238.62.236
2370,59.99.225.9
2371,157.37.79.0
2372,157.45.246.219
2373,223.228.160.211
2374,223.231.25.186
2375,49.39.192.10
2376,157.48.111.209
2377,49.46.103.0
2378,223.236.22.203
2379,49.248.204.195
2380,223.239.85.141
2381,49.46.114.215
2382,223.233.116.89
2383,47.31.64.122
2384,47.31.247.211
2385,49.248.18.35
2386,223.228.185.50
2387,157.35.101.139
2388,49.248.20.24
2389,49.34.112.151
2390,27.249.40.30
2391,47.30.150.130
2392,59.98.101.118
2393,27.250.124.148
2394,47.30.72.206
2395,47.31.108.216
2396,49.249.37.161
2397,27.249.180.165
2398,27.249.220.121
2399,49.249.48.140
2400,49.249.203.21
2401,27.248.213.245
2402,223.236.28.201
2403,59.91.11.169
2404,59.93.73.214
2405,49.249.239.112
2406,157.35.149.48
2407,49.35.166.103
2408,27.251.14.181
2409,157.45.156.213
2410,49.249.93.238
2411,223.231.233.192
2412,27.249.107.148
2413,47.31.136.224
2414,49.248.247.24
2415,157.46.90.219
2416,49.45.25.70
2417,47.31.222.232
2418,157.51.187.226
2419,49.249.187.224
2420,59.97.208.29
2421,223.232.234.148
2422,223.226.199.179
2423,47.30.212.10
2424,49.38.8.47
2425,47.30.65.239
2426,49.248.59.34
2427,157.51.102.88
2428,157.48.4.73
2429,49.40.249.234
2430,49.249.178.142
2431,47.30.102.120
2432,157.48.230.0
2433,59.88.6.228
2434,59.98.207.195
2435,49.248.14.60
2436,223.235.186.82
2437,47.30.64.191
2438,59.99.3.162
2439,27.250.148.214
2440,223.237.82.128
2441,59.88.18.138
2442,157.37.211.106
2443,47.29.29.102
2444,49.38.146.182
2445,157.34.98.208
2446,49.47.140.149
2447,223.238.198.49
2448,223.239.66.170
2449,223.226.41.235
2450,47.30.129.28
2451,47.29.218.232
2452,49.248.44.231
2453,49.37.238.32
2454,59.93.52.213
2455,49.249.2.107
2456,27.250.204.195
2457,49.249.79.191
2458,27.251.17.27
2459,49.248.11.244
2460,27.249.34.129
2461,223.224.143.31
2462,157.46.20.196
2463,223.235.71.228
2464,59.89.173.218
2465,49.248.164.61
2466,49.248.178.32
2467,59.97.92.140
2468,47.29.139.207
2469,59.90.227.248
2470,49.249.249.62
2471,157.49.41.50
2472,27.248.110.100
2473,157.40.243.223
2474,157.40.85.17
2475,49.249.199.136
2476,223.237.43.25
2477,49.40.246.93
2478,27.250.125.230
2479,59.95.28.55
2480,49.43.202.97
2481,59.90.137.171
2482,157.47.142.15
2483,27.249.56.202
2484,49.248.190.119
2485,27.250.201.180
2486,157.50.150.4
2487,47.29.149.68
2488,47.29.35.172
2489,47.30.255.51
2490,49.248.171.190
2491,27.250.236.129
2492,59.88.223.33
2493,47.29.135.238
2494,27.249.198.88
2495,27.249.93.66
2496,59.94.97.198
2497,49.32.30.104
2498,49.37.172.19
2499,49.248.14.1
2500,223.236.31.205
2501,49.44.250.156
2502,49.248.198.141
2503,49.248.34.27
2504,27.249.38.196
2505,27.249.86.146
2506,27.250.136.115
2507,157.47.208.193
2508,27.248.42.101
2509,157.44.125.11
2510,223.238.42.16
2511,49.248.45.82
2512,223.224.48.195
2513,49.248.138.190
2514,49.249.72.86
2515,27.250.128.85
2516,223.234.208.146
2517,47.30.27.126
2518,47.29.40.72
2519,59.97.138.43
2520,49.47.83.80
2521,49.39.135.224
2522,27.250.140.133
2523,157.41.195.200
2524,223.230.207.247
2525,49.248.87.81
2526,49.248.87.114
2527,59.97.78.73
2528,59.92.183.112
2529,223.225.183.126
2530,47.30.139.212
2531,27.250.148.215
2532,49.249.46.41
2533,27.248.232.36
2534,49.45.210.110
2535,49.249.174.47
2536,47.30.160.48
2537,27.248.107.4
2538,49.40.98.162
2539,49.248.189.2
2540,27.249.176.194
2541,59.99.104.35
2542,157.42.52.56
2543,49.46.240.245
2544,49.249.66.206
2545,223.225.140.240
2546,49.249.72.237
2547,27.248.42.226
2548,47.30.215.150
2549,47.30.176.202
2550,157.41.224.133
2551,49.47.252.163
2552,49.42.157.239
2553,223.233.64.107
2554,59.96.238.32
2555,59.93.42.144
2556,49.248.32.13
2557,49.249.111.6
2558,49.249.13.136
2559,223.236.219.102
2560,49.33.128.97
2561,47.29.182.119
2562,27.248.47.138
2563,47.31.173.145
2564,49.45.54.185
2565,49.38.120.216
2566,27.250.248.2
2567,49.248.79.229
2568,47.30.118.34
2569,27.250.205.167
2570,223.234.239.62
2571,59.88.126.241
2572,59.99.28.4
2573,27.251.46.66
2574,27.249.202.4
2575,49.249.199.31
2576,49.40.131.219
2577,59.95.27.138
2578,49.249.60.142
2579,49.39.186.245
2580,223.231.187.109
2581,49.249.40.56
2582,59.96.115.242
2583,59.94.209.224
2584,49.43.251.112
2585,27.251.95.0
2586,27.249.62.198
2587,49.248.152.26
2588,49.44.24.54
2589,27.248.196.165
2590,223.239.120.110
2591,47.31.72.77
2592,47.29.16.161
2593,223.231.50.223
2594,27.248.90.120
2595,157.49.32.86
2596,223.236.84.65
2597,47.31.83.233
2598,59.97.104.62
2599,157.38.111.18
2600,157.39.222.8
2601,47.30.192.174
2602,49.248.177.237
2603,59.93.186.100
2604,47.31.3.192
2605,47.30.5.16
2606,59.97.138.116
2607,49.248.15.54
2608,59.99.100.146
2609,223.227.158.157
2610,47.29.95.226
2611,47.31.144.106
2612,157.47.124.173
2613,223.237.13.193
2614,59.95.211.139
2615,59.97.122.228
2616,49.37.81.231
2617,223.225.30.156
2618,223.237.220.247
2619,157.39.114.153
2620,47.29.147.164
2621,59.94.97.14
2622,223.235.54.75
2623,47.31.188.141
2624,47.31.151.213
2625,27.248.22.225
2626,47.31.35.28
2627,223.227.17.191
2628,49.37.130.19
2629,59.96.128.42
2630,27.248.5.227
2631,59.88.122.239
2632,223.225.168.133
2633,47.31.83.137
2634,47.29.172.192
2635,223.226.254.126
2636,27.249.30.66
2637,47.29.130.165
2638,157.43.9.90
2639,59.96.16.24
2640,47.29.135.148
2641,49.44.116.4
2642,59.98.251.244
2643,49.44.96.160
2644,27.248.2.40
2645,157.41.226.98
2646,157.42.157.227
2647,27.251.58.10
2648,223.225.111.160
2649,157.51.23.89
2650,49.47.5.172
2651,223.238.226.85
2652,47.30.130.147
2653,157.35.79.83
2654,59.96.126.122
2655,223.225.143.10
2656,157.48.78.43
2657,49.249.78.14
2658,47.30.200.146
2659,47.29.38.139
2660,59.88.172.199
2661,27.251.142.111
2662,223.229.111.197
2663,49.36.114.243
2664,59.93.231.106
2665,47.31.180.67
2666,59.89.230.195
2667,27.250.154.183
2668,223.234.106.183
2669,59.98.195.199
2670,49.249.87.25
2671,47.30.150.211
2672,27.248.36.223
2673,47.30.4.26
2674,47.29.126.77
2675,59.93.174.230
2676,49.40.102.211
2677,49.42.163.21
2678,49.248.96.180
2679,157.35.229.30
2680,49.249.131.59
2681,223.233.176.154
2682,49.249.116.70
2683,49.248.126.142
2684,223.227.79.50
2685,47.30.94.118
2686,49.35.0.9
2687,49.249.239.198
2688,47.29.168.110
2689,47.31.68.1
2690,49.249.85.69
2691,59.94.28.83
2692,157.36.168.66
2693,157.39.5.54
2694,157.48.74.118
2695,223.237.19.132
2696,49.249.243.154
2697,47.31.167.207
2698,49.44.46.91
2699,223.232.133.130
2700,49.44.255.117
2701,223.228.163.107
2702,157.48.192.152
2703,47.31.53.9
2704,59.91.187.90
2705,223.236.18.97
2706,223.228.61.230
2707,59.88.218.33
2708,59.92.75.116
2709,27.249.47.149
2710,157.45.147.184
2711,47.31.226.21
2712,59.94.66.145
2713,157.49.171.125
2714,49.44.243.227
2715,157.32.195.77
2716,223.227.169.186
2717,27.248.200.141
2718,59.98.218.185
2719,223.226.123.3
2720,59.92.160.117
2721,47.31.231.22
2722,223.236.47.198
2723,49.248.251.186
2724,157.36.77.67
2725,59.94.167.18
2726,47.30.242.132
2727,47.30.14.131
2728,49.248.214.185
2729,59.91.125.169
2730,47.30.113.107
2731,47.29.33.135
2732,27.249.9.220
2733,47.31.152.82
2734,27.249.144.73
2735,49.36.59.69
2736,59.97.219.169
2737,59.89.11.141
2738,223.239.22.156
2739,27.249.180.48
2740,59.98.142.64
2741,223.233.142.237
2742,157.51.96.30
2743,49.249.81.203
2744,223.228.103.24
2745,27.250.84.7
2746,49.249.116.232
2747,27.250.234.157
2748,223.230.100.42
2749,49.249.253.129
2750,27.248.111.55
2751,47.31.118.40
2752,157.43.192.159
2753,157.44.97.112
2754,157.39.5.55
2755,59.99.23.112
2756,49.37.138.31
2757,47.31.35.198
2758,223.230.217.167
2759,27.250.152.59
2760,49.32.143.70
2761,49.248.227.200
2762,49.35.194.74
2763,49.47.189.201
2764,27.248.185.195
2765,49.46.229.190
2766,49.248.0.8
2767,49.47.23.142
2768,59.95.82.172
2769,49.32.32.149
2770,223.235.35.239
2771,157.32.16.216
2772,49.249.92.178
2773,49.33.11.88
2774,223.235.33.36
2775,223.225.226.98
2776,49.248.70.35
2777,223.232.177.57
2778,223.224.202.47
2779,27.248.205.135
2780,27.250.246.123
2781,59.93.206.237
2782,49.248.182.32
2783,49.249.113.32
2784,27.248.186.56
2785,59.96.183.135
2786,47.30.152.36
2787,47.31.9.191
2788,47.31.11.122
2789,223.236.132.53
2790,27.249.173.230
2791,27.248.6.94
2792,49.248.89.191
2793,49.47.196.166
2794,157.37.187.84
2795,49.37.92.131
2796,47.29.37.170
2797,49.249.103.214
2798,47.31.81.50
2799,49.248.184.43
2800,49.40.160.72
2801,223.226.168.29
2802,47.29.255.189
2803,49.248.255.193
2804,59.90.98.99
2805,157.33.199.149
2806,49.33.229.9
2807,223.233.217.141
2808,27.251.190.121
2809,59.98.254.215
2810,49.42.192.140
2811,47.29.114.180
2812,59.90.157.239
2813,49.248.194.160
2814,59.99.48.144
2815,49.47.203.26
2816,47.31.204.139
2817,49.249.218.105
2818,49.45.56.61
2819,27.251.147.198
2820,157.49.38.188
2821,49.38.208.49
2822,49.41.130.185
2823,49.248.141.222
2824,157.47.64.8
2825,223.230.231.233
2826,47.31.98.56
2827,59.99.171.48
2828,59.94.17.210
2829,27.250.221.21
2830,157.51.210.216
2831,157.35.127.197
2832,49.45.40.165
2833,49.249.151.57
2834,49.32.232.168
2835,59.89.206.234
2836,27.248.61.192
2837,59.93.216.207
2838,157.34.238.4
2839,157.38.184.218
2840,223.224.162.226
2841,27.249.204.79
2842,157.41.74.244
2843,27.251.170.25
2844,47.29.245.118
2845,49.248.154.224
2846,157.36.6.137
2847,47.29.249.82
2848,27.250.248.75
2849,47.31.36.77
2850,49.35.98.111
2851,223.230.90.168
2852,47.30.8.150
2853,47.29.81.212
2854,59.94.115.63
2855,223.237.3.92
2856,223.236.60.211
2857,157.47.78.25
2858,157.49.151.146
2859,223.228.87.141
2860,223.226.116.124
2861,27.250.5.33
2862,49.33.228.215
2863,47.30.114.192
2864,223.233.232.45
2865,49.248.59.129
2866,47.29.197.3
2867,47.30.252.68
2868,157.40.86.26
2869,27.251.21.227
2870,27.251.160.101
2871,27.248.108.116
2872,49.248.235.7
2873,27.251.134.64
2874,47.29.134.82
2875,49.46.97.102
2876,157.40.175.59
2877,59.88.111.127
2878,223.235.25.83
2879,59.90.101.194
2880,59.94.178.173
2881,49.47.212.123
2882,49.249.20.242
2883,49.248.94.166
2884,223.235.182.60
2885,49.249.29.104
2886,59.88.10.55
2887,49.249.46.234
2888,59.92.240.55
2889,223.231.18.34
2890,223.226.100.170
2891,157.46.121.210
2892,59.92.234.52
2893,49.249.189.149
2894,223.238.182.51
2895,157.50.77.15
2896,223.232.19.149
2897,49.42.64.242
2898,49.248.81.5
2899,49.248.95.128
2900,59.91.194.64
2901,49.40.38.134
2902,223.233.37.249
2903,59.95.160.232
2904,157.37.194.89
2905,49.40.251.62
2906,157.39.49.53
2907,47.31.171.191
2908,49.47.73.59
2909,59.88.151.147
2910,157.36.67.196
2911,49.38.136.179
2912,49.36.163.23
2913,27.249.130.134
2914,49.37.197.101
2915,27.250.22.209
2916,49.249.157.205
2917,27.251.240.67
2918,223.237.118.216
2919,223.228.152.199
2920,27.249.115.4
2921,47.31.133.50
2922,157.51.133.72
2923,49.249.135.52
2924,49.44.189.122
2925,47.31.94.88
2926,59.89.160.225
2927,49.47.15.58
2928,49.45.177.217
2929,49.249.35.8
2930,157.32.27.103
2931,27.249.165.132
2932,47.29.72.82
2933,49.249.93.235
2934,223.236.198.137
2935,223.232.76.218
2936,49.42.183.38
2937,47.29.98.159
2938,157.44.113.163
2939,49.35.172.49
2940,59.92.31.193
2941,49.248.25.68
2942,47.31.10.225
2943,49.46.44.195
2944,49.42.204.205
2945,59.95.32.197
2946,47.29.108.192
2947,49.248.35.86
2948,59.97.121.195
2949,59.97.4.192
2950,223.228.54.214
2951,27.248.61.178
2952,157.46.227.116
2953,157.34.191.175
2954,223.231.100.201
2955,157.42.42.105
2956,27.249.144.236
2957,47.30.152.87
2958,47.29.35.239
2959,223.234.124.221
2960,49.248.159.131
2961,157.49.153.202
2962,157.44.65.39
2963,49.249.164.171
2964,47.31.20.52
2965,157.34.247.58
2966,223.229.12.108
2967,47.30.40.52
2968,49.35.164.193
2969,223.239.196.145
2970,49.35.249.27
2971,49.33.199.250
2972,157.38.68.238
2973,49.249.230.187
2974,49.248.219.215
2975,157.43.241.131
2976,49.35.68.165
2977,27.251.4.104
2978,47.30.94.40
2979,49.249.117.65
2980,49.248.24.123
2981,157.49.41.58
2982,49.248.81.25
2983,49.248.245.72
2984,59.92.3.244
2985,27.251.86.40
2986,27.249.166.128
2987,223.228.171.28
2988,223.230.232.242
2989,47.31.25.28
2990,223.238.115.84
2991,59.97.222.43
2992,49.41.240.203
2993,49.40.132.111
2994,157.43.199.61
2995,47.31.14.126
2996,27.248.207.127
2997,59.95.97.208
2998,59.90.31.198
2999,49.248.210.62
3000,157.47.20.197
3001,157.34.99.229
3002,27.251.31.59
3003,47.30.77.11
3004,223.235.6.160
3005,157.40.4.80
3006,59.96.232.34
3007,223.237.228.12
3008,27.251.31.221
3009,47.29.63.117
3010,59.93.44.209
3011,27.248.203.167
3012,27.251.180.180
3013,49.38.20.117
3014,223.236.22.42
3015,59.98.245.113
3016,59.92.212.206
3017,223.229.153.217
3018,157.34.139.224
3019,27.249.216.177
3020,59.92.92.72
3021,47.30.157.103
3022,223.237.166.173
3023,49.249.101.93
3024,27.249.90.87
3025,27.251.128.90
3026,27.248.39.172
3027,49.38.254.158
3028,59.91.43.33
3029,49.248.241.74
3030,223.226.22.193
3031,47.30.85.110
3032,157.44.8.136
3033,49.45.214.123
3034,27.249.96.80
3035,27.250.197.59
3036,49.248.178.236
3037,49.34.101.116
3038,157.49.158.59
3039,47.30.234.51
3040,49.44.19.220
3041,47.31.177.93
3042,223.229.220.109
3043,49.32.166.16
3044,157.42.82.25
3045,59.92.142.6
3046,49.249.3.200
3047,49.36.113.136
3048,59.97.0.161
3049,157.50.95.34
3050,47.31.138.66
3051,223.236.206.225
3052,157.39.193.141
3053,49.248.207.123
3054,49.43.231.233
3055,49.248.6.239
3056,223.239.88.154
3057,157.37.249.169
3058,157.43.186.181
3059,47.30.243.127
3060,157.43.65.214
3061,47.30.27.78
3062,157.51.101.127
3063,59.97.181.181
3064,59.95.138.24
3065,47.29.63.47
3066,59.88.232.217
3067,27.251.254.214
3068,223.230.87.129
3069,49.249.201.99
3070,47.29.195.150
3071,49.40.183.143
3072,157.41.6.13
3073,223.227.1.41
3074,59.91.227.31
3075,59.99.158.0
3076,49.32.144.27
3077,223.232.252.64
3078,27.251.137.105
3079,49.42.198.108
3080,27.251.137.67
3081,49.249.103.176
3082,49.32.120.200
3083,47.30.16.156
3084,223.228.69.224
3085,47.31.89.210
3086,47.29.245.55
3087,223.229.37.172
3088,27.251.38.174
3089,157.48.243.224
3090,59.95.95.71
3091,47.30.246.65
3092,223.239.169.206
3093,223.234.233.142
3094,59.88.113.186
3095,223.224.137.68
3096,49.249.241.62
3097,27.249.62.41
3098,223.231.98.216
3099,59.95.220.86
3100,59.98.27.106
3101,49.44.17.44
3102,27.251.251.134
3103,59.90.235.104
3104,49.37.165.239
3105,223.239.211.48
3106,27.251.113.214
3107,27.249.117.60
3108,59.92.206.213
3109,223.238.39.29
3110,49.248.88.215
3111,49.39.239.189
3112,157.39.114.132
3113,223.237.84.8
3114,157.49.155.146
3115,27.251.172.16
3116,223.230.97.165
3117,27.251.107.35
3118,59.91.136.72
3119,27.251.14.25
3120,27.248.10.37
3121,49.249.168.248
3122,59.97.94.140
3123,47.30.71.132
3124,47.30.244.176
3125,157.41.45.234
3126,223.228.58.157
3127,27.249.119.58
3128,47.30.7.112
3129,47.30.10.211
3130,223.224.66.21
3131,49.42.135.37
3132,223.224.107.2
3133,49.249.98.46
3134,27.249.250.173
3135,49.248.245.125
3136,49.33.73.153
3137,49.248.222.88
3138,27.249.127.190
3139,27.249.23.17
3140,157.38.164.207
3141,49.249.223.166
3142,157.39.46.199
3143,47.31.218.9
3144,49.33.45.244
3145,27.248.83.15
3146,59.95.224.79
3147,59.93.133.195
3148,27.248.173.197
3149,49.46.206.123
3150,223.232.58.125
3151,59.96.98.141
3152,27.248.5.179
3153,223.238.200.200
3154,49.249.240.190
3155,49.249.240.92
3156,157.38.8.59
3157,49.249.230.85
3158,49.248.160.27
3159,157.44.179.18
3160,49.39.251.175
3161,223.230.112.141
3162,47.29.192.140
3163,223.236.200.152
3164,49.46.232.90
3165,49.249.86.145
3166,47.30.79.104
3167,27.248.77.152
3168,157.45.236.170
3169,49.248.113.179
3170,49.45.87.8
3171,49.32.199.177
3172,59.97.6.46
3173,59.92.65.70
3174,49.249.232.230
3175,47.29.25.23
3176,27.250.55.102
3177,27.249.46.225
3178,27.250.46.193
3179,157.45.231.240
3180,157.49.166.119
3181,27.249.24.136
3182,49.248.25.200
3183,223.237.185.31
3184,223.225.219.52
3185,27.249.238.99
3186,49.34.43.62
3187,49.248.248.6
3188,157.42.167.233
3189,27.251.30.109
3190,157.40.61.175
3191,157.45.253.14
3192,47.29.106.186
3193,47.29.59.147
3194,49.248.30.95
3195,223.227.102.204
3196,223.225.85.240
3197,27.248.133.241
3198,49.249.28.250
3199,49.46.77.88
3200,49.249.172.222
3201,49.44.177.220
3202,49.47.44.47
3203,47.30.185.28
3204,59.94.132.177
3205,59.94.41.193
3206,27.249.112.199
3207,49.249.62.162
3208,47.30.66.59
3209,223.230.124.83
3210,157.45.222.41
3211,49.248.92.85
3212,49.40.174.209
3213,49.33.11.172
3214,49.36.63.55
3215,27.251.22.124
3216,59.97.6.143
3217,223.231.167.69
3218,47.30.43.177
3219,49.42.98.220
3220,49.45.76.127
3221,49.248.187.149
3222,49.33.145.151
3223,49.47.74.79
3224,49.248.71.223
3225,47.30.195.55
3226,27.248.16.221
3227,49.32.170.194
3228,59.98.197.166
3229,27.250.161.127
3230,49.32.21.114
3231,47.30.213.206
3232,49.35.60.59
3233,49.249.212.52
3234,47.31.5.165
3235,49.248.234.13
3236,157.37.225.94
3237,47.30.220.55
3238,59.95.107.179
3239,47.29.5.46
3240,49.248.154.39
3241,49.41.79.217
3242,223.232.16.71
3243,49.34.131.68
3244,49.248.79.90
3245,157.44.95.148
3246,47.29.74.126
3247,27.251.49.181
3248,59.97.198.151
3249,59.99.104.166
3250,27.248.70.5
3251,223.228.67.181
3252,223.238.226.247
3253,59.92.237.114
3254,49.34.193.67
3255,157.33.59.199
3256,223.239.72.173
3257,157.44.6.40
3258,59.90.216.47
3259,27.250.178.59
3260,157.49.154.142
3261,59.91.230.168
3262,59.88.203.175
3263,157.34.233.76
3264,27.249.71.127
3265,27.250.199.62
3266,157.36.98.125
3267,59.96.97.2
3268,49.248.90.237
3269,47.30.22.235
3270,47.29.203.174
3271,59.94.49.46
3272,49.249.117.181
3273,27.248.231.234
3274,157.33.154.130
3275,59.93.27.164
3276,49.248.183.127
3277,47.31.195.18
3278,223.224.207.238
3279,157.35.40.237
3280,157.44.54.237
3281,157.32.36.225
3282,59.94.4.119
3283,59.98.62.239
3284,223.237.134.186
3285,49.32.40.116
3286,49.45.163.102
3287,223.235.164.87
3288,223.225.204.87
3289,59.96.121.173
3290,49.249.177.18
3291,49.249.127.75
3292,59.98.43.138
3293,223.236.47.8
3294,49.248.188.204
3295,157.33.43.12
3296,49.45.53.188
3297,59.98.206.42
3298,223.238.24.85
3299,49.248.146.66
3300,27.249.172.95
3301,47.29.49.175
3302,27.251.109.176
3303,47.31.169.179
3304,49.34.132.45
3305,49.43.185.195
3306,27.251.137.6
3307,47.29.55.81
3308,47.31.136.27
3309,47.31.180.137
3310,27.248.250.122
3311,59.93.246.89
3312,49.248.230.158
3313,49.33.207.43
3314,49.249.130.83
3315,49.41.46.124
3316,223.231.36.167
3317,49.34.184.182
3318,49.37.49.50
3319,49.45.223.116
3320,223.227.109.156
3321,27.250.151.77
3322,157.48.228.88
3323,157.35.118.104
3324,59.95.59.190
3325,47.31.155.32
3326,49.248.94.220
3327,223.232.167.230
3328,49.40.193.247
3329,49.248.164.31
3330,47.29.201.49
3331,27.250.87.133
3332,223.225.122.40
3333,157.32.125.7
3334,47.31.138.125
3335,47.31.49.42
3336,47.30.98.194
3337,49.249.169.31
3338,27.248.61.63
3339,27.250.182.172
3340,223.226.96.55
3341,49.43.251.16
3342,49.37.11.80
3343,157.50.96.33
3344,49.249.243.86
3345,223.231.24.27
3346,223.233.157.32
3347,47.31.87.157
3348,27.251.199.66
3349,157.43.152.171
3350,223.239.67.178
3351,47.29.163.106
3352,59.95.154.20
3353,59.97.221.201
3354,47.30.20.194
3355,49.47.29.69
3356,59.98.187.248
3357,49.248.195.39
3358,157.38.83.1
3359,47.31.99.31
3360,49.248.102.240
3361,157.32.244.162
3362,47.30.116.100
3363,157.36.16.238
3364,27.251.218.158
3365,49.36.167.230
3366,47.31.55.120
3367,59.94.33.189
3368,59.98.125.145
3369,49.248.219.7
3370,157.32.209.70
3371,59.90.251.13
3372,59.88.187.203
3373,49.41.199.215
3374,47.31.231.67
3375,49.43.18.229
3376,223.237.53.186
3377,157.45.137.91
3378,223.229.57.173
3379,59.90.67.153
3380,223.224.114.11
3381,27.248.2.181
3382,223.226.54.127
3383,49.43.179.223
3384,223.229.255.200
3385,157.47.72.30
3386,49.34.209.28
3387,49.249.112.15
3388,27.248.180.39
3389,49.38.6.183
3390,157.41.133.236
3391,49.249.251.26
3392,223.229.156.88
3393,157.37.121.99
3394,49.249.75.36
3395,27.249.17.42
3396,223.227.208.99
3397,223.227.46.60
3398,49.249.55.162
3399,49.249.252.51
3400,27.251.101.125
3401,49.249.76.61
3402,47.31.148.207
3403,47.31.249.145
3404,157.44.83.239
3405,49.248.133.95
3406,157.41.185.245
3407,47.29.244.77
3408,47.30.31.122
3409,157.39.136.116
3410,59.92.124.171
3411,49.248.10.69
3412,27.251.79.54
3413,223.233.150.207
3414,49.38.190.22
3415,59.96.244.196
3416,49.248.126.75
3417,47.30.90.205
3418,157.51.135.224
3419,27.250.48.239
3420,47.29.165.206
3421,59.91.42.201
3422,49.248.19.11
3423,27.249.217.112
3424,49.248.114.27
3425,223.231.106.12
3426,59.89.39.126
3427,223.238.53.33
3428,59.88.25.4
3429,49.249.57.14
3430,59.98.19.228
3431,157.35.37.100
3432,59.92.243.169
3433,47.31.79.148
3434,47.30.94.204
3435,223.227.162.209
3436,223.237.101.178
3437,59.92.10.204
3438,27.248.184.166
3439,27.251.98.184
3440,223.230.112.76
